city_community,cases,case_rate1,deaths,death_rate2,valid_thru
City of Burbank,22371,20872,322,300,2022-04-14
City of Burbank,22426,20924,322,300,2022-04-14
City of Glendale,44497,21549,868,420,2022-04-14
City of Glendale,44557,21578,869,421,2022-04-14
City of Burbank,22353,20856,322,300,2022-04-13
City of Burbank,22371,20872,322,300,2022-04-13
City of Glendale,44482,21542,868,420,2022-04-13
City of Glendale,44497,21549,868,420,2022-04-13
City of Burbank,22341,20844,322,300,2022-04-12
City of Glendale,44449,21526,868,420,2022-04-12
City of Burbank,22327,20831,322,300,2022-04-11
City of Glendale,44426,21515,868,420,2022-04-11
City of Burbank,22317,20822,322,300,2022-04-10
City of Glendale,44414,21509,868,420,2022-04-10
City of Burbank,22283,20790,321,299,2022-04-07
City of Glendale,44364,21485,864,418,2022-04-07
City of Burbank,22221,20732,320,299,2022-04-06
City of Glendale,44248,21428,864,418,2022-04-06
City of Burbank,22212,20724,320,299,2022-04-05
City of Glendale,44236,21423,863,418,2022-04-05
City of Burbank,22200,20713,320,299,2022-04-04
City of Glendale,44218,21414,862,417,2022-04-04
City of Burbank,22183,20697,320,299,2022-04-03
City of Glendale,44194,21402,862,417,2022-04-03
City of Burbank,22153,20669,320,299,2022-03-31
City of Glendale,44154,21383,860,416,2022-03-31
City of Burbank,22137,20654,319,298,2022-03-30
City of Glendale,44144,21378,860,416,2022-03-30
City of Burbank,22128,20646,317,296,2022-03-29
City of Glendale,44137,21375,860,416,2022-03-29
City of Burbank,22118,20636,316,295,2022-03-28
City of Glendale,44125,21369,860,416,2022-03-28
City of Burbank,22116,20634,316,295,2022-03-27
City of Glendale,44116,21364,860,416,2022-03-27
City of Burbank,22099,20619,314,293,2022-03-25
City of Glendale,44106,21360,858,416,2022-03-25
City of Burbank,22088,20608,314,293,2022-03-24
City of Glendale,44091,21352,859,416,2022-03-24
City of Burbank,22075,20596,315,294,2022-03-23
City of Glendale,44075,21345,858,416,2022-03-23
City of Burbank,22056,20578,315,294,2022-03-22
City of Glendale,44066,21340,858,416,2022-03-22
City of Burbank,22045,20568,315,294,2022-03-21
City of Glendale,44053,21334,857,415,2022-03-21
City of Burbank,22039,20563,315,294,2022-03-20
City of Glendale,44034,21325,857,415,2022-03-20
City of Burbank,22027,20551,314,293,2022-03-18
City of Glendale,44008,21312,855,414,2022-03-18
City of Burbank,22015,20540,313,292,2022-03-17
City of Glendale,43993,21305,854,414,2022-03-17
City of Burbank,21974,20502,313,292,2022-03-16
City of Glendale,43960,21289,852,413,2022-03-16
City of Burbank,21963,20492,313,292,2022-03-15
City of Glendale,43934,21276,851,412,2022-03-15
City of Burbank,21955,20484,313,292,2022-03-14
City of Glendale,43924,21271,850,412,2022-03-14
City of Burbank,21947,20477,313,292,2022-03-13
City of Glendale,43906,21263,849,411,2022-03-13
City of Burbank,21938,20468,313,292,2022-03-11
City of Glendale,43886,21253,848,411,2022-03-11
City of Burbank,21923,20454,312,291,2022-03-10
City of Glendale,43869,21245,849,411,2022-03-10
City of Burbank,21906,20439,312,291,2022-03-09
City of Glendale,43856,21238,848,411,2022-03-09
City of Burbank,21897,20430,312,291,2022-03-08
City of Glendale,43841,21231,848,411,2022-03-08
City of Burbank,21888,20422,312,291,2022-03-07
City of Glendale,43824,21223,849,411,2022-03-07
City of Burbank,21879,20413,311,290,2022-03-06
City of Glendale,43813,21218,845,409,2022-03-06
City of Burbank,21859,20395,311,290,2022-03-04
City of Glendale,43790,21207,843,408,2022-03-04
City of Burbank,21848,20384,311,290,2022-03-03
City of Glendale,43774,21199,841,407,2022-03-03
City of Burbank,21828,20366,311,290,2022-03-02
City of Glendale,43751,21188,840,407,2022-03-02
City of Burbank,21815,20354,311,290,2022-03-01
City of Glendale,43734,21179,839,406,2022-03-01
City of Burbank,21804,20343,311,290,2022-02-28
City of Glendale,43716,21171,839,406,2022-02-28
City of Burbank,21798,20338,309,288,2022-02-26
City of Glendale,43702,21164,839,406,2022-02-26
City of Burbank,21784,20325,309,288,2022-02-25
City of Glendale,43667,21147,836,405,2022-02-25
City of Burbank,21762,20304,306,286,2022-02-24
City of Glendale,43635,21131,836,405,2022-02-24
City of Burbank,21743,20286,305,285,2022-02-23
City of Glendale,43610,21119,834,404,2022-02-23
City of Burbank,21731,20275,303,283,2022-02-22
City of Glendale,43571,21100,833,403,2022-02-22
City of Burbank,21718,20263,303,283,2022-02-21
City of Glendale,43551,21091,832,403,2022-02-21
City of Burbank,21706,20252,303,283,2022-02-20
City of Glendale,43538,21084,831,402,2022-02-20
City of Burbank,21692,20239,304,284,2022-02-19
City of Glendale,43527,21079,831,402,2022-02-19
City of Burbank,21675,20223,304,284,2022-02-18
City of Glendale,43485,21059,829,401,2022-02-18
City of Burbank,21653,20202,303,283,2022-02-17
City of Glendale,43435,21035,826,400,2022-02-17
City of Burbank,21627,20178,303,283,2022-02-16
City of Glendale,43404,21020,821,398,2022-02-16
City of Burbank,21580,20134,300,280,2022-02-15
City of Glendale,43367,21002,822,398,2022-02-15
City of Burbank,21552,20108,300,280,2022-02-14
City of Glendale,43336,20987,820,397,2022-02-14
City of Burbank,21543,20100,300,280,2022-02-13
City of Glendale,43307,20973,817,396,2022-02-13
City of Burbank,21526,20084,300,280,2022-02-12
City of Glendale,43244,20942,816,395,2022-02-12
City of Burbank,21496,20056,299,279,2022-02-11
City of Glendale,43175,20909,813,394,2022-02-11
City of Burbank,21478,20039,298,278,2022-02-10
City of Glendale,43097,20871,806,390,2022-02-10
City of Burbank,21443,20007,297,277,2022-02-09
City of Glendale,43001,20824,800,387,2022-02-09
City of Burbank,21393,19960,297,277,2022-02-08
City of Glendale,42892,20772,799,387,2022-02-08
City of Burbank,21349,19919,297,277,2022-02-07
City of Glendale,42818,20736,796,385,2022-02-07
City of Burbank,21313,19885,294,274,2022-02-06
City of Glendale,42747,20701,795,385,2022-02-06
City of Burbank,21272,19847,294,274,2022-02-05
City of Glendale,42659,20659,795,385,2022-02-05
City of Burbank,21219,19798,294,274,2022-02-04
City of Glendale,42574,20618,794,385,2022-02-04
City of Burbank,21142,19726,292,272,2022-02-03
City of Glendale,42433,20549,790,383,2022-02-03
City of Burbank,21064,19653,292,272,2022-02-02
City of Glendale,42242,20457,788,382,2022-02-02
City of Burbank,20949,19546,289,270,2022-02-01
City of Glendale,42049,20363,784,380,2022-02-01
City of Burbank,20823,19428,289,270,2022-01-31
City of Glendale,41846,20265,781,378,2022-01-31
City of Burbank,20744,19354,289,270,2022-01-30
City of Glendale,41692,20191,778,377,2022-01-30
City of Burbank,20625,19243,289,270,2022-01-29
City of Glendale,41551,20122,777,376,2022-01-29
City of Burbank,20541,19165,287,268,2022-01-28
City of Glendale,41353,20026,777,376,2022-01-28
City of Burbank,20366,19002,285,266,2022-01-27
City of Glendale,41066,19887,773,374,2022-01-27
City of Burbank,20174,18823,284,265,2022-01-26
City of Glendale,40765,19742,772,374,2022-01-26
City of Burbank,19917,18583,283,264,2022-01-25
City of Glendale,40331,19531,766,371,2022-01-25
City of Burbank,19767,18443,280,261,2022-01-24
City of Glendale,40050,19395,760,368,2022-01-24
City of Burbank,19630,18315,279,260,2022-01-23
City of Glendale,39826,19287,759,368,2022-01-23
City of Burbank,19442,18140,279,260,2022-01-22
City of Glendale,39476,19117,758,367,2022-01-22
City of Burbank,19284,17992,278,259,2022-01-21
City of Glendale,39165,18967,757,367,2022-01-21
City of Burbank,19039,17764,278,259,2022-01-20
City of Glendale,38713,18748,755,366,2022-01-20
City of Burbank,18808,17548,277,258,2022-01-19
City of Glendale,38180,18490,754,365,2022-01-19
City of Burbank,18471,17234,275,257,2022-01-18
City of Glendale,37697,18256,750,363,2022-01-18
City of Burbank,18288,17063,274,256,2022-01-17
City of Glendale,37328,18077,749,363,2022-01-17
City of Burbank,18119,16905,274,256,2022-01-16
City of Glendale,36948,17893,747,362,2022-01-16
City of Burbank,17904,16705,274,256,2022-01-15
City of Glendale,36653,17750,744,360,2022-01-15
City of Burbank,17683,16498,274,256,2022-01-14
City of Glendale,36148,17506,743,360,2022-01-14
City of Burbank,17396,16231,272,254,2022-01-13
City of Glendale,35648,17264,742,359,2022-01-13
City of Burbank,17148,15999,272,254,2022-01-12
City of Glendale,35149,17022,736,356,2022-01-12
City of Burbank,16830,15703,271,253,2022-01-11
City of Glendale,34569,16741,736,356,2022-01-11
City of Burbank,16478,15374,271,253,2022-01-10
City of Glendale,34135,16531,735,356,2022-01-10
City of Burbank,16179,15095,270,252,2022-01-09
City of Glendale,33692,16316,735,356,2022-01-09
City of Burbank,15919,14852,270,252,2022-01-08
City of Burbank,15597,14552,269,251,2022-01-07
City of Burbank,15378,14348,269,251,2022-01-06
City of Burbank,14957,13955,268,250,2022-01-05
City of Burbank,14584,13607,268,250,2022-01-04
City of Burbank,14307,13348,268,250,2022-01-03
City of Burbank,14109,13164,267,249,2022-01-02
City of Burbank,13970,13034,267,249,2022-01-01
City of Burbank,NA,NA,267,249,2021-12-31
City of Burbank,13502,12597,267,249,2021-12-30
City of Burbank,13276,12387,266,248,2021-12-29
City of Burbank,13051,12177,266,248,2021-12-28
City of Burbank,12827,11968,266,248,2021-12-27
City of Burbank,12703,11852,266,248,2021-12-26
City of Burbank,12632,11786,266,248,2021-12-25
City of Burbank,NA,NA,266,248,2021-12-24
City of Burbank,12383,11553,266,248,2021-12-23
City of Burbank,12278,11455,266,248,2021-12-22
City of Burbank,12158,11343,265,247,2021-12-21
City of Burbank,12091,11281,265,247,2021-12-20
City of Burbank,12062,11254,265,247,2021-12-19
City of Burbank,12024,11218,265,247,2021-12-18
City of Burbank,12004,11200,265,247,2021-12-17
City of Burbank,11970,11168,265,247,2021-12-16
City of Burbank,11943,11143,264,246,2021-12-15
City of Burbank,11915,11117,264,246,2021-12-14
City of Burbank,11900,11103,264,246,2021-12-13
City of Burbank,11885,11089,264,246,2021-12-12
City of Burbank,11878,11082,263,245,2021-12-11
City of Burbank,11870,11075,263,245,2021-12-10
City of Burbank,11860,11065,263,245,2021-12-09
City of Burbank,11842,11049,263,245,2021-12-08
City of Burbank,11829,11037,263,245,2021-12-07
City of Burbank,11821,11029,263,245,2021-12-06
City of Burbank,11812,11021,263,245,2021-12-05
City of Burbank,11802,11011,263,245,2021-12-04
City of Burbank,11792,11002,263,245,2021-12-03
City of Burbank,11763,10975,263,245,2021-12-02
City of Burbank,11741,10954,263,245,2021-12-01
City of Burbank,11725,10939,263,245,2021-11-30
City of Burbank,11713,10928,263,245,2021-11-29
City of Burbank,11706,10922,263,245,2021-11-28
City of Burbank,11703,10919,263,245,2021-11-27
City of Burbank,11700,10916,263,245,2021-11-26
City of Burbank,11692,10909,263,245,2021-11-25
City of Burbank,NA,NA,263,245,2021-11-24
City of Burbank,11665,10884,263,245,2021-11-23
City of Burbank,11646,10866,263,245,2021-11-22
City of Burbank,11644,10864,263,245,2021-11-21
City of Burbank,11637,10857,263,245,2021-11-20
City of Burbank,11625,10846,263,245,2021-11-19
City of Burbank,11604,10827,263,245,2021-11-18
City of Burbank,11595,10818,263,245,2021-11-17
City of Burbank,11580,10804,263,245,2021-11-16
City of Burbank,11557,10783,263,245,2021-11-15
City of Burbank,11541,10768,263,245,2021-11-14
City of Burbank,11532,10759,263,245,2021-11-13
City of Burbank,11521,10749,263,245,2021-11-12
City of Burbank,11513,10742,263,245,2021-11-11
City of Burbank,11501,10730,262,244,2021-11-10
City of Burbank,11485,10716,262,244,2021-11-09
City of Burbank,11469,10701,262,244,2021-11-08
City of Burbank,11458,10690,262,244,2021-11-07
City of Burbank,11449,10682,262,244,2021-11-06
City of Burbank,11440,10674,262,244,2021-11-05
City of Burbank,11419,10654,262,244,2021-11-04
City of Burbank,11397,10633,216,202,2021-11-03
City of Burbank,11377,10615,261,244,2021-11-02
City of Burbank,11361,10600,260,243,2021-11-01
City of Burbank,11352,10591,260,243,2021-10-31
City of Burbank,11336,10577,260,243,2021-10-30
City of Burbank,11322,10563,260,243,2021-10-29
City of Burbank,11304,10547,259,242,2021-10-28
City of Burbank,11294,10537,259,242,2021-10-27
City of Burbank,11275,10520,259,242,2021-10-26
City of Burbank,11269,10514,259,242,2021-10-25
City of Burbank,11253,10499,259,242,2021-10-24
City of Burbank,11245,10492,259,242,2021-10-23
City of Burbank,11231,10479,259,242,2021-10-22
City of Burbank,11220,10468,259,242,2021-10-21
City of Burbank,11207,10456,259,242,2021-10-20
City of Burbank,11199,10449,259,242,2021-10-19
City of Burbank,11188,10438,258,241,2021-10-18
City of Burbank,11180,10431,257,240,2021-10-17
City of Burbank,11175,10426,257,240,2021-10-16
City of Burbank,11171,10423,257,240,2021-10-15
City of Burbank,11164,10416,257,240,2021-10-14
City of Burbank,11148,10401,257,240,2021-10-13
City of Burbank,11139,10393,257,240,2021-10-12
City of Burbank,11124,10379,257,240,2021-10-11
City of Burbank,11116,10371,257,240,2021-10-10
City of Burbank,11108,10364,257,240,2021-10-09
City of Burbank,11101,10357,257,240,2021-10-08
City of Burbank,11091,10348,256,239,2021-10-07
City of Burbank,11076,10334,256,239,2021-10-06
City of Burbank,11069,10327,255,238,2021-10-05
City of Burbank,11053,10313,255,238,2021-10-04
City of Burbank,11041,10301,255,238,2021-10-03
City of Burbank,11033,10294,255,238,2021-10-02
City of Burbank,11026,10287,255,238,2021-10-01
City of Burbank,11007,10270,255,238,2021-09-30
City of Burbank,10997,10260,255,238,2021-09-29
City of Burbank,10982,10246,255,238,2021-09-28
City of Burbank,10966,10231,253,236,2021-09-27
City of Burbank,10955,10221,253,236,2021-09-26
City of Burbank,10944,10211,253,236,2021-09-25
City of Burbank,10937,10204,253,236,2021-09-24
City of Burbank,10917,10186,253,236,2021-09-23
City of Burbank,10905,10174,253,236,2021-09-22
City of Burbank,10892,10162,253,236,2021-09-21
City of Burbank,10882,10153,253,236,2021-09-20
City of Burbank,10867,10139,253,236,2021-09-19
City of Burbank,10851,10124,253,236,2021-09-18
City of Burbank,10844,10118,253,236,2021-09-17
City of Burbank,10818,10093,253,236,2021-09-16
City of Burbank,10800,10076,253,236,2021-09-15
City of Burbank,10796,10073,253,236,2021-09-14
City of Burbank,10781,10059,253,236,2021-09-13
City of Burbank,10769,10048,253,236,2021-09-12
City of Burbank,NA,NA,253,236,2021-09-11
City of Burbank,NA,NA,253,236,2021-09-10
City of Burbank,10727,10008,253,236,2021-09-09
City of Burbank,10687,9971,253,236,2021-09-08
City of Burbank,10666,9951,252,235,2021-09-07
City of Burbank,10649,9936,252,235,2021-09-06
City of Burbank,10644,9931,252,235,2021-09-05
City of Burbank,10632,9920,252,235,2021-09-04
City of Burbank,10618,9907,252,235,2021-09-03
City of Burbank,10590,9881,251,234,2021-09-02
City of Burbank,10575,9867,250,233,2021-09-01
City of Burbank,10561,9853,250,233,2021-08-31
City of Burbank,10545,9839,249,232,2021-08-30
City of Burbank,10531,9825,249,232,2021-08-29
City of Burbank,10507,9803,249,232,2021-08-28
City of Burbank,10494,9791,249,232,2021-08-27
City of Burbank,10459,9758,249,232,2021-08-26
City of Burbank,10444,9744,249,232,2021-08-25
City of Burbank,10419,9721,249,232,2021-08-24
City of Burbank,10393,9697,248,231,2021-08-23
City of Burbank,10375,9680,248,231,2021-08-22
City of Burbank,10351,9658,248,231,2021-08-21
City of Burbank,10336,9644,248,231,2021-08-20
City of Burbank,10313,9622,248,231,2021-08-19
City of Burbank,10199,9516,246,230,2021-08-18
City of Burbank,10174,9492,246,230,2021-08-17
City of Burbank,10119,9441,246,230,2021-08-16
City of Burbank,10086,9410,246,230,2021-08-15
City of Burbank,10064,9390,246,230,2021-08-14
City of Burbank,10034,9362,246,230,2021-08-13
City of Burbank,10001,9331,246,230,2021-08-12
City of Burbank,9968,9300,246,230,2021-08-11
City of Burbank,9944,9278,246,230,2021-08-10
City of Burbank,9921,9256,246,230,2021-08-09
City of Burbank,9894,9231,246,230,2021-08-08
City of Burbank,9863,9202,246,230,2021-08-07
City of Burbank,9841,9182,246,230,2021-08-06
City of Burbank,9808,9151,246,230,2021-08-05
City of Burbank,9764,9110,245,229,2021-08-04
City of Burbank,9700,9050,245,229,2021-08-03
City of Burbank,9677,9029,245,229,2021-08-02
City of Burbank,9652,9005,245,229,2021-08-01
City of Burbank,9617,8973,245,229,2021-07-31
City of Burbank,9577,8935,245,229,2021-07-30
City of Burbank,9550,8910,245,229,2021-07-29
City of Burbank,9522,8884,245,229,2021-07-28
City of Burbank,9483,8848,245,229,2021-07-27
City of Burbank,9451,8818,245,229,2021-07-26
City of Burbank,9424,8793,245,229,2021-07-25
City of Burbank,9399,8769,245,229,2021-07-24
City of Burbank,9367,8739,245,229,2021-07-23
City of Burbank,9344,8718,245,229,2021-07-22
City of Burbank,9309,8685,245,229,2021-07-21
City of Burbank,9272,8651,245,229,2021-07-20
City of Burbank,9266,8645,244,228,2021-07-19
City of Burbank,9239,8620,244,228,2021-07-18
City of Burbank,9229,8611,244,228,2021-07-17
City of Burbank,9221,8603,244,228,2021-07-16
City of Burbank,9187,8572,244,228,2021-07-15
City of Burbank,9161,8547,244,228,2021-07-14
City of Burbank,9135,8523,244,228,2021-07-13
City of Burbank,9120,8509,244,228,2021-07-12
City of Burbank,9097,8488,244,228,2021-07-11
City of Burbank,9081,8473,243,227,2021-07-10
City of Burbank,9063,8456,243,227,2021-07-09
City of Burbank,9058,8451,244,228,2021-07-08
City of Burbank,9051,8445,244,228,2021-07-07
City of Burbank,9043,8437,244,228,2021-07-06
City of Burbank,9033,8428,244,228,2021-07-05
City of Burbank,9029,8424,244,228,2021-07-04
City of Burbank,NA,NA,244,228,2021-07-03
City of Burbank,9023,8419,244,228,2021-07-02
City of Burbank,9015,8411,244,228,2021-07-01
City of Burbank,9012,8408,244,228,2021-06-30
City of Burbank,9010,8406,244,228,2021-06-29
City of Burbank,9008,8405,244,228,2021-06-28
City of Burbank,9003,8400,244,228,2021-06-27
City of Burbank,9002,8399,244,228,2021-06-26
City of Burbank,8999,8396,243,227,2021-06-25
City of Burbank,8996,8393,242,226,2021-06-24
City of Burbank,8995,8392,242,226,2021-06-23
City of Burbank,8996,8393,242,226,2021-06-22
City of Burbank,8993,8391,242,226,2021-06-21
City of Burbank,8990,8388,242,226,2021-06-20
City of Burbank,8990,8388,242,226,2021-06-19
City of Burbank,8986,8384,242,226,2021-06-18
City of Burbank,8986,8384,242,226,2021-06-17
City of Burbank,8983,8381,242,226,2021-06-16
City of Burbank,8981,8379,242,226,2021-06-15
City of Burbank,8981,8379,242,226,2021-06-14
City of Burbank,8980,8378,242,226,2021-06-13
City of Burbank,8979,8377,242,226,2021-06-12
City of Burbank,8977,8376,242,226,2021-06-11
City of Burbank,8977,8376,242,226,2021-06-10
City of Burbank,8977,8376,242,226,2021-06-09
City of Burbank,8976,8375,242,226,2021-06-08
City of Burbank,8976,8375,243,227,2021-06-07
City of Burbank,8974,8373,243,227,2021-06-06
City of Burbank,8973,8372,243,227,2021-06-05
City of Burbank,8972,8371,243,227,2021-06-04
City of Burbank,8972,8371,243,227,2021-06-03
City of Burbank,8969,8368,243,227,2021-06-02
City of Burbank,8969,8368,243,227,2021-06-01
City of Burbank,8967,8366,243,227,2021-05-31
City of Burbank,8966,8365,243,227,2021-05-30
City of Burbank,8966,8365,243,227,2021-05-29
City of Burbank,8964,8363,243,227,2021-05-28
City of Burbank,8964,8363,243,227,2021-05-27
City of Burbank,8961,8361,243,227,2021-05-26
City of Burbank,8949,8349,242,226,2021-05-25
City of Burbank,8945,8346,242,226,2021-05-24
City of Burbank,8942,8343,241,225,2021-05-23
City of Burbank,8941,8342,240,224,2021-05-22
City of Burbank,8940,8341,240,224,2021-05-21
City of Burbank,8938,8339,240,224,2021-05-20
City of Burbank,8931,8333,239,223,2021-05-19
City of Burbank,8930,8332,239,223,2021-05-18
City of Burbank,8929,8331,239,223,2021-05-17
City of Burbank,8922,8324,238,222,2021-05-16
City of Burbank,8922,8324,238,222,2021-05-15
City of Burbank,8921,8323,238,222,2021-05-14
City of Burbank,8917,8320,237,221,2021-05-13
City of Burbank,8914,8317,237,221,2021-05-12
City of Burbank,8916,8319,237,221,2021-05-11
City of Burbank,8910,8313,237,221,2021-05-10
City of Burbank,8906,8309,237,221,2021-05-09
City of Burbank,8899,8303,237,221,2021-05-08
City of Burbank,8897,8301,237,221,2021-05-07
City of Burbank,8893,8297,237,221,2021-05-06
City of Burbank,8883,8288,237,221,2021-05-05
City of Burbank,8879,8284,237,221,2021-05-04
City of Burbank,8872,8278,237,221,2021-05-03
City of Burbank,8869,8275,237,221,2021-05-02
City of Burbank,8859,8266,237,221,2021-05-01
City of Burbank,8854,8261,237,221,2021-04-30
City of Burbank,8854,8261,237,221,2021-04-29
City of Burbank,8838,8246,236,220,2021-04-28
City of Burbank,8834,8242,235,219,2021-04-27
City of Burbank,8829,8238,235,219,2021-04-26
City of Burbank,8828,8237,234,218,2021-04-25
City of Burbank,8824,8233,234,218,2021-04-24
City of Burbank,8822,8231,234,218,2021-04-23
City of Burbank,8816,8225,234,218,2021-04-22
City of Burbank,8814,8224,234,218,2021-04-21
City of Burbank,8807,8217,234,218,2021-04-20
City of Burbank,8803,8213,234,218,2021-04-19
City of Burbank,8803,8213,234,218,2021-04-18
City of Burbank,8801,8211,235,219,2021-04-17
City of Burbank,8794,8205,235,219,2021-04-16
City of Burbank,8791,8202,235,219,2021-04-15
City of Burbank,8781,8193,235,219,2021-04-14
City of Burbank,8766,8179,235,219,2021-04-13
City of Burbank,8764,8177,235,219,2021-04-12
City of Burbank,8740,8154,233,217,2021-04-11
City of Burbank,8732,8147,233,217,2021-04-10
City of Burbank,8728,8143,233,217,2021-04-09
City of Burbank,8707,8124,233,217,2021-04-08
City of Burbank,8692,8110,232,216,2021-04-07
City of Burbank,8687,8105,232,216,2021-04-06
City of Burbank,8682,8100,232,216,2021-04-05
City of Burbank,8677,8096,233,217,2021-04-04
City of Burbank,8673,8092,233,217,2021-04-03
City of Burbank,8665,8085,233,217,2021-04-02
City of Burbank,8658,8078,232,216,2021-04-01
City of Burbank,8651,8071,231,216,2021-03-31
City of Burbank,8640,8061,230,215,2021-03-30
City of Burbank,8636,8057,230,215,2021-03-29
City of Burbank,8634,8056,228,213,2021-03-28
City of Burbank,8632,8054,228,213,2021-03-27
City of Burbank,8630,8052,228,213,2021-03-26
City of Burbank,8625,8047,228,213,2021-03-25
City of Burbank,8620,8043,229,214,2021-03-24
City of Burbank,8612,8035,226,211,2021-03-23
City of Burbank,8604,8028,225,210,2021-03-22
City of Burbank,8596,8020,224,209,2021-03-21
City of Burbank,8592,8016,224,209,2021-03-20
City of Burbank,8589,8014,224,209,2021-03-19
City of Burbank,8586,8011,221,206,2021-03-18
City of Burbank,8582,8007,221,206,2021-03-17
City of Burbank,8577,8002,221,206,2021-03-16
City of Burbank,8560,7987,221,206,2021-03-15
City of Burbank,8558,7985,221,206,2021-03-14
City of Burbank,8552,7979,221,206,2021-03-13
City of Burbank,8545,7973,221,206,2021-03-12
City of Burbank,8543,7971,221,206,2021-03-11
City of Burbank,8533,7961,221,206,2021-03-10
City of Burbank,8520,7949,220,205,2021-03-09
City of Burbank,8501,7931,218,203,2021-03-08
City of Burbank,8480,7912,219,204,2021-03-07
City of Burbank,8460,7893,219,204,2021-03-06
City of Burbank,8431,7866,219,204,2021-03-05
City of Burbank,8400,7837,219,204,2021-03-04
City of Burbank,8375,7814,218,203,2021-03-03
City of Burbank,8324,7766,216,202,2021-03-02
City of Burbank,8294,7738,216,202,2021-03-01
City of Burbank,8264,7710,215,201,2021-02-28
City of Burbank,8257,7704,215,201,2021-02-27
City of Burbank,8242,7690,214,200,2021-02-26
City of Burbank,8231,7680,214,200,2021-02-25
City of Burbank,8197,7648,212,198,2021-02-24
City of Burbank,8180,7632,210,196,2021-02-23
City of Burbank,8145,7599,201,188,2021-02-22
City of Burbank,8122,7578,198,185,2021-02-21
City of Burbank,8112,7569,198,185,2021-02-20
City of Burbank,8098,7555,198,185,2021-02-19
City of Burbank,8079,7538,194,181,2021-02-18
City of Burbank,8064,7524,194,181,2021-02-17
City of Burbank,8044,7505,191,178,2021-02-16
City of Burbank,8021,7484,188,175,2021-02-15
City of Burbank,8005,7469,186,174,2021-02-14
City of Burbank,7982,7447,186,174,2021-02-13
City of Burbank,7956,7423,184,172,2021-02-12
City of Burbank,7935,7403,183,171,2021-02-11
City of Burbank,7913,7383,184,172,2021-02-10
City of Burbank,7885,7357,184,172,2021-02-09
City of Burbank,7852,7326,184,172,2021-02-08
City of Burbank,7808,7285,183,171,2021-02-07
City of Burbank,7787,7265,182,170,2021-02-06
City of Burbank,7766,7246,182,170,2021-02-05
City of Burbank,7727,7209,182,170,2021-02-04
City of Burbank,7692,7177,181,169,2021-02-03
City of Burbank,7655,7142,180,168,2021-02-02
City of Burbank,7603,7094,178,166,2021-02-01
City of Burbank,7571,7064,176,164,2021-01-31
City of Burbank,7541,7036,176,164,2021-01-30
City of Burbank,7500,6998,175,163,2021-01-29
City of Burbank,7448,6949,171,160,2021-01-28
City of Burbank,7389,6894,171,160,2021-01-27
City of Burbank,7355,6862,170,159,2021-01-26
City of Burbank,7311,6821,167,156,2021-01-25
City of Burbank,7280,6792,163,152,2021-01-24
City of Burbank,7233,6748,163,152,2021-01-23
City of Burbank,7176,6695,163,152,2021-01-22
City of Burbank,7111,6635,163,152,2021-01-21
City of Burbank,7047,6575,163,152,2021-01-20
City of Burbank,6989,6521,160,149,2021-01-19
City of Burbank,6933,6469,159,148,2021-01-18
City of Burbank,6879,6418,153,143,2021-01-17
City of Burbank,6813,6357,153,143,2021-01-16
City of Burbank,6718,6268,153,143,2021-01-15
City of Burbank,6638,6193,151,141,2021-01-14
City of Burbank,6552,6113,149,139,2021-01-13
City of Burbank,6404,5975,145,135,2021-01-12
City of Burbank,6301,5879,143,133,2021-01-11
City of Burbank,6240,5822,138,129,2021-01-10
City of Burbank,6157,5745,138,129,2021-01-09
City of Burbank,6079,5672,138,129,2021-01-08
City of Burbank,5994,5592,134,125,2021-01-07
City of Burbank,5856,5464,129,120,2021-01-06
City of Burbank,5723,5340,123,115,2021-01-05
City of Burbank,5652,5273,123,115,2021-01-04
City of Burbank,5579,5205,123,115,2021-01-03
City of Burbank,5502,5133,122,114,2021-01-02
City of Burbank,5430,5066,122,114,2021-01-01
City of Burbank,5285,4931,121,113,2020-12-31
City of Burbank,5112,4770,121,113,2020-12-30
City of Burbank,5011,4675,118,110,2020-12-29
City of Burbank,4943,4612,116,108,2020-12-28
City of Burbank,4866,4540,111,104,2020-12-27
City of Burbank,4773,4453,111,104,2020-12-26
City of Burbank,4703,4388,110,103,2020-12-25
City of Burbank,NA,NA,NA,NA,2020-12-24
City of Burbank,4521,4218,109,102,2020-12-23
City of Burbank,4416,4120,105,98,2020-12-22
City of Burbank,4295,4007,105,98,2020-12-21
City of Burbank,4213,3931,105,98,2020-12-20
City of Burbank,4125,3849,105,98,2020-12-19
City of Burbank,4017,3748,105,98,2020-12-18
City of Burbank,3929,3666,104,97,2020-12-17
City of Burbank,3848,3590,103,96,2020-12-16
City of Burbank,3766,3514,102,95,2020-12-15
City of Burbank,3638,3394,101,94,2020-12-14
City of Burbank,3562,3323,99,92,2020-12-13
City of Burbank,3519,3283,99,92,2020-12-12
City of Burbank,3458,3226,100,93,2020-12-11
City of Burbank,3383,3156,99,92,2020-12-10
City of Burbank,3309,3087,97,91,2020-12-09
City of Burbank,3214,2999,97,91,2020-12-08
City of Burbank,3166,2954,96,90,2020-12-07
City of Burbank,3117,2908,95,89,2020-12-06
City of Burbank,3061,2856,95,89,2020-12-05
City of Burbank,2981,2781,95,89,2020-12-04
City of Burbank,2925,2729,95,89,2020-12-03
City of Burbank,2880,2687,95,89,2020-12-02
City of Burbank,2832,2642,94,88,2020-12-01
City of Burbank,2795,2608,94,88,2020-11-30
City of Burbank,2736,2553,93,87,2020-11-29
City of Burbank,2700,2519,93,87,2020-11-28
City of Burbank,2673,2494,91,85,2020-11-27
City of Burbank,2605,2431,91,85,2020-11-26
City of Burbank,2605,2431,90,84,2020-11-25
City of Burbank,2557,2386,89,83,2020-11-24
City of Burbank,2528,2359,87,81,2020-11-23
City of Burbank,2487,2320,82,77,2020-11-22
City of Burbank,2428,2265,82,77,2020-11-21
City of Burbank,2411,2250,82,77,2020-11-20
City of Burbank,2385,2225,NA,NA,2020-11-19
City of Burbank,2339,2182,78,73,2020-11-18
City of Burbank,2300,2146,76,71,2020-11-17
City of Burbank,2278,2125,76,71,2020-11-16
City of Burbank,2250,2099,77,72,2020-11-15
City of Burbank,2216,2068,77,72,2020-11-14
City of Burbank,2194,2047,77,72,2020-11-13
City of Burbank,2165,2020,75,70,2020-11-12
City of Burbank,2140,1997,74,69,2020-11-11
City of Burbank,2122,1980,74,69,2020-11-10
City of Burbank,2099,1958,74,69,2020-11-09
City of Burbank,2078,1939,74,69,2020-11-08
City of Burbank,2059,1921,74,69,2020-11-07
City of Burbank,2042,1905,74,69,2020-11-06
City of Burbank,2023,1888,74,69,2020-11-05
City of Burbank,2004,1870,75,70,2020-11-04
City of Burbank,1995,1861,75,70,2020-11-03
City of Burbank,1976,1844,74,69,2020-11-02
City of Burbank,1970,1838,74,69,2020-11-01
City of Burbank,1956,1825,74,69,2020-10-31
City of Burbank,1943,1813,75,70,2020-10-30
City of Burbank,1933,1804,74,69,2020-10-29
City of Burbank,1922,1793,74,69,2020-10-28
City of Burbank,1914,1786,74,69,2020-10-27
City of Burbank,1902,1775,73,68,2020-10-26
City of Burbank,1888,1762,72,67,2020-10-25
City of Burbank,1880,1754,71,66,2020-10-24
City of Burbank,1876,1750,71,66,2020-10-23
City of Burbank,1855,1731,70,65,2020-10-22
City of Burbank,1824,1702,70,65,2020-10-21
City of Burbank,1808,1687,69,64,2020-10-20
City of Burbank,1800,1679,66,62,2020-10-19
City of Burbank,1790,1670,66,62,2020-10-18
City of Burbank,1772,1653,66,62,2020-10-17
City of Burbank,1765,1647,66,62,2020-10-16
City of Burbank,1753,1636,66,62,2020-10-15
City of Burbank,1740,1623,64,60,2020-10-14
City of Burbank,1721,1606,64,60,2020-10-13
City of Burbank,1709,1595,64,60,2020-10-12
City of Burbank,1708,1594,64,60,2020-10-11
City of Burbank,1704,1590,63,59,2020-10-10
City of Burbank,1694,1581,63,59,2020-10-09
City of Burbank,1682,1569,62,58,2020-10-08
City of Burbank,1672,1560,62,58,2020-10-07
City of Burbank,1657,1546,60,56,2020-10-06
City of Burbank,1643,1533,60,56,2020-10-05
City of Burbank,1629,1520,59,55,2020-10-04
City of Burbank,1628,1519,59,55,2020-10-03
City of Burbank,1621,1512,59,55,2020-10-02
City of Burbank,1613,1505,58,54,2020-10-01
City of Burbank,1604,1497,58,54,2020-09-30
City of Burbank,1589,1483,58,54,2020-09-29
City of Burbank,1570,1465,58,54,2020-09-28
City of Burbank,1565,1460,58,54,2020-09-27
City of Burbank,1555,1451,58,54,2020-09-26
City of Burbank,1549,1445,58,54,2020-09-25
City of Burbank,1530,1428,57,53,2020-09-24
City of Burbank,1520,1418,56,52,2020-09-23
City of Burbank,1515,1414,56,52,2020-09-22
City of Burbank,1504,1403,57,53,2020-09-21
City of Burbank,1489,1389,57,53,2020-09-20
City of Burbank,1481,1382,57,53,2020-09-19
City of Burbank,1468,1370,57,53,2020-09-18
City of Burbank,1451,1354,57,53,2020-09-17
City of Burbank,1441,1345,57,53,2020-09-16
City of Burbank,1428,1332,57,53,2020-09-15
City of Burbank,1414,1319,57,53,2020-09-14
City of Burbank,1411,1317,57,53,2020-09-13
City of Burbank,1405,1311,57,53,2020-09-12
City of Burbank,1400,1306,57,53,2020-09-11
City of Burbank,1395,1302,57,53,2020-09-10
City of Burbank,1388,1295,57,53,2020-09-09
City of Burbank,1381,1289,57,53,2020-09-08
City of Burbank,1379,1287,57,53,2020-09-07
City of Burbank,1375,1283,57,53,2020-09-06
City of Burbank,1372,1280,57,53,2020-09-05
City of Burbank,1366,1275,57,53,2020-09-04
City of Burbank,1357,1266,57,53,2020-09-03
City of Burbank,1343,1253,57,53,2020-09-02
City of Burbank,1338,1248,57,53,2020-09-01
City of Burbank,1322,1233,57,53,2020-08-31
City of Burbank,1318,1230,55,51,2020-08-30
City of Burbank,1313,1225,55,51,2020-08-29
City of Burbank,1309,1221,55,51,2020-08-28
City of Burbank,1304,1217,55,51,2020-08-27
City of Burbank,1294,1207,55,51,2020-08-26
City of Burbank,1282,1196,55,51,2020-08-25
City of Burbank,1269,1184,55,51,2020-08-24
City of Burbank,1260,1176,55,51,2020-08-23
City of Burbank,1255,1171,55,51,2020-08-22
City of Burbank,1248,1164,55,51,2020-08-21
City of Burbank,1231,1149,55,51,2020-08-20
City of Burbank,1218,1136,55,51,2020-08-19
City of Burbank,1205,1124,54,50,2020-08-18
City of Burbank,1187,1108,54,50,2020-08-17
City of Burbank,1182,1103,54,50,2020-08-16
City of Burbank,1167,1089,54,50,2020-08-15
City of Burbank,1155,1078,54,50,2020-08-14
City of Burbank,1146,1069,54,50,2020-08-13
City of Burbank,1134,1058,54,50,2020-08-12
City of Burbank,1125,1050,53,49,2020-08-11
City of Burbank,1114,1039,52,49,2020-08-10
City of Burbank,1108,1034,52,49,2020-08-09
City of Burbank,1100,1026,52,49,2020-08-08
City of Burbank,1090,1017,52,49,2020-08-07
City of Burbank,1085,1012,52,49,2020-08-06
City of Burbank,1072,1000,52,49,2020-08-05
City of Burbank,1047,977,52,49,2020-08-04
City of Burbank,1028,959,51,48,2020-08-03
City of Burbank,1021,953,51,48,2020-08-02
City of Burbank,1005,938,51,48,2020-08-01
City of Burbank,998,931,51,48,2020-07-31
City of Burbank,992,926,51,48,2020-07-30
City of Burbank,982,916,51,48,2020-07-29
City of Burbank,968,903,51,48,2020-07-28
City of Burbank,926,864,51,48,2020-07-27
City of Burbank,922,860,51,48,2020-07-26
City of Burbank,909,848,51,48,2020-07-25
City of Burbank,905,844,51,48,2020-07-24
City of Burbank,882,823,51,48,2020-07-23
City of Burbank,869,811,51,48,2020-07-22
City of Burbank,856,799,51,48,2020-07-21
City of Burbank,835,779,50,47,2020-07-20
City of Burbank,823,768,50,47,2020-07-19
City of Burbank,813,759,50,47,2020-07-18
City of Burbank,802,748,50,47,2020-07-17
City of Burbank,795,742,50,47,2020-07-16
City of Burbank,788,735,50,47,2020-07-15
City of Burbank,763,712,49,46,2020-07-14
City of Burbank,748,698,48,45,2020-07-13
City of Burbank,725,676,48,45,2020-07-12
City of Burbank,713,665,48,45,2020-07-11
City of Burbank,699,652,48,45,2020-07-10
City of Burbank,678,633,48,45,2020-07-09
City of Burbank,661,617,48,45,2020-07-08
City of Burbank,656,612,48,45,2020-07-07
City of Burbank,645,602,48,45,2020-07-06
City of Burbank,621,579,48,45,2020-07-05
City of Burbank,614,573,48,45,2020-07-04
City of Burbank,NA,NA,48,45,2020-07-03
City of Burbank,NA,NA,48,45,2020-07-02
City of Burbank,590,551,48,45,2020-07-01
City of Burbank,586,547,47,44,2020-06-30
City of Burbank,580,541,47,44,2020-06-29
City of Burbank,568,530,47,44,2020-06-28
City of Burbank,555,518,47,44,2020-06-27
City of Burbank,542,506,47,44,2020-06-26
City of Burbank,536,500,47,44,2020-06-25
City of Burbank,529,494,47,44,2020-06-24
City of Burbank,524,489,47,44,2020-06-23
City of Burbank,519,484,47,44,2020-06-22
City of Burbank,516,481,47,44,2020-06-21
City of Burbank,490,457,45,42,2020-06-20
City of Burbank,480,448,45,42,2020-06-19
City of Burbank,474,442,44,41,2020-06-18
City of Burbank,465,434,44,41,2020-06-17
City of Burbank,463,432,44,41,2020-06-16
City of Burbank,447,417,44,41,2020-06-15
City of Burbank,445,415,44,41,2020-06-14
City of Burbank,443,413,44,41,2020-06-13
City of Burbank,441,412,44,41,2020-06-12
City of Burbank,436,407,42,39,2020-06-11
City of Burbank,431,402,42,39,2020-06-10
City of Burbank,426,398,42,39,2020-06-09
City of Burbank,424,396,42,39,2020-06-08
City of Burbank,419,391,42,39,2020-06-07
City of Burbank,418,390,42,39,2020-06-06
City of Burbank,409,382,42,39,2020-06-05
City of Burbank,408,381,40,37,2020-06-04
City of Burbank,408,381,40,37,2020-06-03
City of Burbank,405,378,39,36,2020-06-02
City of Burbank,405,378,39,36,2020-06-01
City of Burbank,404,377,39,36,2020-05-31
City of Burbank,402,375,39,36,2020-05-30
City of Burbank,399,372,39,36,2020-05-29
City of Burbank,395,369,39,36,2020-05-28
City of Burbank,394,368,39,36,2020-05-27
City of Burbank,393,367,39,36,2020-05-26
City of Burbank,390,364,39,36,2020-05-25
City of Burbank,380,355,39,36,2020-05-24
City of Burbank,371,346,39,36,2020-05-23
City of Burbank,370,345,39,36,2020-05-22
City of Burbank,368,343,39,36,2020-05-21
City of Burbank,363,339,39,36,2020-05-20
City of Burbank,360,336,38,35,2020-05-19
City of Burbank,356,332,38,35,2020-05-18
City of Burbank,350,327,38,35,2020-05-17
City of Burbank,345,322,NA,NA,2020-05-16
City of Burbank,342,319,NA,NA,2020-05-15
City of Burbank,338,315,NA,NA,2020-05-14
City of Burbank,329,307,NA,NA,2020-05-13
City of Burbank,318,297,NA,NA,2020-05-12
City of Burbank,314,293,NA,NA,2020-05-11
City of Burbank,304,284,NA,NA,2020-05-10
City of Burbank,303,283,NA,NA,2020-05-09
City of Burbank,299,279,NA,NA,2020-05-08
City of Burbank,291,272,NA,NA,2020-05-07
City of Burbank,288,269,NA,NA,2020-05-06
City of Burbank,283,264,NA,NA,2020-05-05
City of Burbank,270,252,NA,NA,2020-05-04
City of Burbank,260,243,NA,NA,2020-05-03
City of Burbank,256,239,NA,NA,2020-05-02
City of Burbank,252,235,NA,NA,2020-05-01
City of Burbank,241,225,NA,NA,2020-04-30
City of Burbank,237,221,NA,NA,2020-04-29
City of Burbank,234,218,NA,NA,2020-04-28
City of Burbank,226,211,NA,NA,2020-04-27
City of Burbank,222,207,NA,NA,2020-04-26
City of Burbank,219,204,NA,NA,2020-04-25
City of Burbank,208,194,NA,NA,2020-04-24
City of Burbank,203,189,NA,NA,2020-04-23
City of Burbank,170,159,NA,NA,2020-04-22
City of Burbank,151,141,NA,NA,2020-04-21
City of Burbank,141,132,NA,NA,2020-04-20
City of Burbank,134,125,NA,NA,2020-04-19
City of Burbank,134,125,NA,NA,2020-04-18
City of Burbank,121,113,NA,NA,2020-04-17
City of Burbank,117,109,NA,NA,2020-04-16
City of Burbank,112,105,NA,NA,2020-04-15
City of Burbank,108,101,NA,NA,2020-04-14
City of Burbank,103,96,NA,NA,2020-04-13
City of Burbank,102,95,NA,NA,2020-04-12
City of Burbank,100,93,NA,NA,2020-04-11
City of Burbank,96,90,NA,NA,2020-04-10
City of Burbank,88,82,NA,NA,2020-04-09
City of Burbank,83,77,NA,NA,2020-04-08
City of Burbank,77,72,NA,NA,2020-04-07
City of Burbank,77,72,NA,NA,2020-04-06
City of Burbank,70,65,NA,NA,2020-04-05
City of Burbank,61,57,NA,NA,2020-04-04
City of Burbank,50,47,NA,NA,2020-04-03
City of Burbank,41,38,NA,NA,2020-04-02
City of Burbank,39,36,NA,NA,2020-04-01
City of Burbank,27,25,NA,NA,2020-03-31
City of Burbank,21,20,NA,NA,2020-03-30
City of Burbank,19,18,NA,NA,2020-03-29
City of Burbank,17,16,NA,NA,2020-03-28
City of Burbank,7,7,NA,NA,2020-03-27
City of Burbank,6,6,NA,NA,2020-03-26
City of Burbank,3,3,NA,NA,2020-03-25
City of Burbank,2,2,NA,NA,2020-03-24
City of Burbank,2,2,NA,NA,2020-03-23
City of Burbank,1,1,NA,NA,2020-03-22
City of Burbank,1,1,NA,NA,2020-03-21
City of Burbank,1,1,NA,NA,2020-03-20
City of Burbank,1,1,NA,NA,2020-03-19
City of Burbank,22353,20856,322,300,NA
City of Glendale,44482,21542,868,420,NA
